ts,episode,step,thr,delay,jitter,loss,numUe,stepEnergyJ,txPowerDbm,sinr,rew,act_m
1773798982.3436,7,0,0.0,0.0,0.0,0.0,1.0,0.0,23.0,0.0,1.75,1.8130607604980469
1773798982.432868,7,1,778240.0,0.005842105485498905,0.0018428569892421365,0.05000000074505806,1.0,12.819323539733887,41.70039749145508,50.86223220825195,-0.03193232692182146,0.37406784296035767
1773798982.4719315,7,2,737280.0,0.022388888522982597,0.014263936318457127,0.10000000149011612,1.0,4.721436977386475,8.603560447692871,-1.078880786895752,0.6278562892279178,0.7347382307052612
1773798982.4959974,7,3,860160.0,0.006047619041055441,0.0027338475920259953,0.0,1.0,6.384692668914795,16.89897918701172,9.474374771118164,1.111530750152183,1.8094580173492432
1773798982.5137992,7,4,819200.0,0.004999999888241291,0.0,0.0,1.0,12.774794578552246,41.61753463745117,31.49095344543457,0.4725205669577386,1.4329898357391357
1773798982.5708332,7,5,819200.0,0.004999999888241291,0.0,0.0,1.0,9.78939437866211,32.95876693725586,23.36190414428711,0.7710605946923881,1.5824707746505737
1773798982.5958939,7,6,819200.0,0.004999999888241291,0.0,0.0,1.0,10.71556282043457,36.396827697753906,27.209787368774414,0.6784437328778483,0.7341453433036804
1773798982.6189945,7,7,819200.0,0.007350000087171793,0.003409912111237645,0.0,1.0,6.3819499015808105,16.885343551635742,6.758761405944824,1.1118050134405217,1.7135692834854126
1773798982.643948,7,8,819200.0,0.005350000225007534,0.0013143440010026097,0.0,1.0,11.755810737609863,39.41209411621094,30.225053787231445,0.5744189009560527,1.646773099899292
1773798982.6604967,7,9,819200.0,0.004999999888241291,0.0,0.0,1.0,11.188322067260742,37.87578201293945,28.68874168395996,0.6311677649385588,1.5648369789123535
1773798982.6864336,7,10,819200.0,0.004999999888241291,0.0,0.0,1.0,10.595556259155273,35.991249084472656,25.864669799804688,0.6904443963050118,1.5652331113815308
1773798982.7090616,7,11,819200.0,0.004999999888241291,0.0,0.0,1.0,10.598212242126465,36.000362396240234,26.813322067260742,0.6901787372224746,1.2848255634307861
1773798982.7248209,7,12,819200.0,0.004999999888241291,0.0,0.0,1.0,9.000374794006348,29.550987243652344,19.954124450683594,0.8499624782648543,0.8012580275535583
1773798982.7515717,7,13,819200.0,0.005350000225007534,0.0013143440010026097,0.0,1.0,6.692751407623291,18.42893409729004,8.302352905273438,1.0807248516794994,1.7914440631866455
1773798982.7746398,7,14,819200.0,0.004999999888241291,0.0,0.0,1.0,12.55987548828125,41.20321273803711,32.01617431640625,0.494012479875948,1.7658956050872803
1773798982.8191578,7,15,819200.0,0.004999999888241291,0.0,0.0,1.0,12.275404930114746,40.6156005859375,31.428558349609375,0.5224595261022864,1.4192625284194946
1773798982.8505917,7,16,819200.0,0.004999999888241291,0.0,0.0,1.0,9.712389945983887,32.64303970336914,22.516456604003906,0.7787610012975842,1.8756630420684814
1773798982.8677993,7,17,819200.0,0.004999999888241291,0.0,0.0,1.0,13.688798904418945,43.14025115966797,33.953208923339844,0.3811201485793554,0.9620729684829712
1773798982.8894515,7,18,819200.0,0.006399999838322401,0.003120897337794304,0.0,1.0,7.44185733795166,22.12767791748047,14.184749603271484,1.0058142553411518,0.7635527849197388
1773798982.9059825,7,19,819200.0,0.006049999967217445,0.002957617398351431,0.0,1.0,6.518046855926514,17.56171417236328,7.4351325035095215,1.0981953295904578,1.8622326850891113
1773798982.929933,7,20,819200.0,0.004999999888241291,0.0,0.0,1.0,13.485536575317383,42.83135223388672,33.644309997558594,0.4014463622488942,1.5541205406188965
1773798982.9569776,7,21,819200.0,0.004999999888241291,0.0,0.0,1.0,10.52433967590332,35.744773864746094,26.55773162841797,0.6975660228992542,1.9288108348846436
1773798982.9768102,7,22,819200.0,0.004999999888241291,0.0,0.0,1.0,14.60317325592041,44.362648010253906,34.23606872558594,0.2896827188668474,0.8542243242263794
1773798983.0031228,7,23,819200.0,0.005350000225007534,0.0013143440010026097,0.0,1.0,6.9386515617370605,19.647159576416016,11.934494018554688,1.0561348426477015,0.9017992615699768
1773798983.0204277,7,24,819200.0,0.004999999888241291,0.0,0.0,1.0,7.160138130187988,20.741382598876953,13.028717041015625,1.0339861932599985,1.7779245376586914
1773798983.044078,7,25,819200.0,0.004999999888241291,0.0,0.0,1.0,12.406532287597656,40.89226531982422,30.765682220458984,0.509346775472665,1.4819072484970093
1773798983.071299,7,26,819200.0,0.004999999888241291,0.0,0.0,1.0,10.072859764099121,34.083866119384766,24.487003326416016,0.742714016458909,1.4312593936920166
1773798983.0912747,7,27,819200.0,0.004999999888241291,0.0,0.0,1.0,9.779630661010742,32.91896438598633,23.32210350036621,0.7720368951241966,1.8564751148223877
1773798983.1104808,7,28,819200.0,0.004999999888241291,0.0,0.0,1.0,13.401412963867188,42.69892883300781,32.57234573364258,0.40985870645851596,1.257071852684021
1773798983.1324584,7,29,819200.0,0.004999999888241291,0.0,0.0,1.0,8.860382080078125,28.91265296936035,19.3157901763916,0.8639618286617633,1.442952036857605
1773798983.1485832,7,30,819200.0,0.004999999888241291,0.0,0.0,1.0,9.845927238464355,33.187896728515625,23.591033935546875,0.7654072463077506,1.7402215003967285
1773798983.1703095,7,31,819200.0,0.004999999888241291,0.0,0.0,1.0,12.01081371307373,40.02509307861328,29.898513793945312,0.5489186147774296,1.1690526008605957
1773798983.185093,7,32,819200.0,0.006049999967217445,0.002957617398351431,0.0,1.0,8.42648696899414,26.88821029663086,18.094120025634766,0.9073512938412887,0.9268719553947449
1773798983.2076101,7,33,819200.0,0.004999999888241291,0.0,0.0,1.0,7.277156829833984,21.31805419921875,13.605389595031738,1.0222843179036385,0.4062924385070801
1773798983.2370763,7,34,778240.0,0.012368421070277691,0.003098565386608243,0.05000000074505806,1.0,4.869805335998535,9.3447265625,-0.25720885396003723,0.7630194834040178,1.8002939224243164
1773798983.253877,7,35,860160.0,0.005619047675281763,0.0017586842877790332,0.0,1.0,12.663887023925781,41.406761169433594,32.21971893310547,0.48361133167595005,1.7137224674224854
1773798983.278688,7,36,819200.0,0.004999999888241291,0.0,0.0,1.0,11.757224082946777,39.41561508178711,30.22857666015625,0.5742775533143907,0.8238606452941895
1773798983.2988782,7,37,819200.0,0.00570000009611249,0.0017916472861543298,0.0,1.0,6.797609329223633,18.948795318603516,8.822213172912598,1.0702390854011017,1.819720983505249
1773798983.3144312,7,38,819200.0,0.004999999888241291,0.0,0.0,1.0,12.903067588806152,41.85358428955078,32.666542053222656,0.45969324548218427,1.0440737009048462
1773798983.3472188,7,39,819200.0,0.005350000225007534,0.0013143440010026097,0.0,1.0,7.827937126159668,24.013694763183594,15.219605445861816,0.9672062776218211,1.9253759384155273
1773798983.366835,7,40,819200.0,0.004999999888241291,0.0,0.0,1.0,14.538147926330566,44.28364562988281,34.157066345214844,0.2961851831612714,1.7561695575714111
1773798983.3852851,7,41,819200.0,0.004999999888241291,0.0,0.0,1.0,12.172815322875977,40.39189910888672,31.204858779907227,0.5327185012261899,1.6373193264007568
1773798983.412629,7,42,819200.0,0.004999999888241291,0.0,0.0,1.0,11.11489200592041,37.65834426879883,28.471303939819336,0.6385108356096825,1.2606749534606934
1773798983.4305055,7,43,819200.0,0.005350000225007534,0.0013143440010026097,0.0,1.0,8.878456115722656,28.99552345275879,18.868942260742188,0.8621544216135806,1.7952322959899902
1773798983.4556692,7,44,819200.0,0.004999999888241291,0.0,0.0,1.0,12.604035377502441,41.29034423828125,32.103302001953125,0.4895964845509533,1.1185537576675415
1773798983.4814897,7,45,819200.0,0.004999999888241291,0.0,0.0,1.0,8.182730674743652,25.726736068725586,16.932645797729492,0.9317269758465601,1.5245747566223145
1773798983.5001004,7,46,819200.0,0.004999999888241291,0.0,0.0,1.0,10.334056854248047,35.06521987915039,24.93863868713379,0.7165943622215452,1.846571683883667
1773798983.5282023,7,47,819200.0,0.004999999888241291,0.0,0.0,1.0,13.260734558105469,42.47114944458008,33.28410720825195,0.4239265246357955,0.47710299491882324
1773798983.5593414,7,48,778240.0,0.004999999888241291,0.0,0.05000000074505806,1.0,5.195925235748291,10.973368644714355,1.371433973312378,0.7304074994123495,1.9418964385986328
1773798983.580817,7,49,860160.0,0.005619047675281763,0.0017586842877790332,0.0,1.0,14.859313011169434,44.66361999511719,34.53703689575195,0.2640686891393995,0.8098316788673401
1773798983.5952718,7,50,819200.0,0.006049999967217445,0.0021089096553623676,0.0,1.0,6.732513904571533,18.626129150390625,11.201523780822754,1.0767486201737393,1.7686742544174194
1773798983.622895,7,51,819200.0,0.004999999888241291,0.0,0.0,1.0,12.305268287658691,40.679508209228516,31.492467880249023,0.5194731560408843,1.1498222351074219
1773798983.6607199,7,52,819200.0,0.005350000225007534,0.0013143440010026097,0.0,1.0,8.333297729492188,26.445911407470703,16.3193302154541,0.9166702225117402,0.6226550340652466
1773798983.6837804,7,53,819200.0,0.005350000225007534,0.0013143440010026097,0.0,1.0,5.866917610168457,14.321065902709961,6.092348575592041,1.163308222128748,1.5547449588775635
1773798983.7001889,7,54,819200.0,0.004999999888241291,0.0,0.0,1.0,10.52845573425293,35.759132385253906,26.572093963623047,0.6971544494186632,1.1244679689407349
1773798983.7329578,7,55,819200.0,0.006049999967217445,0.002957617398351431,0.0,1.0,8.211125373840332,25.862762451171875,15.73618221282959,0.9288874972468866,1.6958680152893066
1773798983.7777681,7,56,819200.0,0.004999999888241291,0.0,0.0,1.0,11.596229553222656,39.00496292114258,29.81792449951172,0.590377039173213,1.7268991470336914
1773798985.634667,7,57,819200.0,0.004999999888241291,0.0,0.0,1.0,11.881012916564941,39.71868133544922,30.531641006469727,0.5618986754775983,1.7868642807006836
1773798985.6558027,7,58,819200.0,0.004999999888241291,0.0,0.0,1.0,12.507196426391602,41.097877502441406,30.971296310424805,0.4992803917853945,0.4104806184768677
1773798985.6759095,7,59,778240.0,0.011789473704993725,0.0026671283412724733,0.05000000074505806,1.0,4.889090061187744,9.441054344177246,-0.16088071465492249,0.7610909919085999,0.4724597930908203
1773798985.6995108,7,60,778240.0,0.006421052850782871,0.0023911192547529936,0.05000000074505806,1.0,5.174535751342773,10.866575241088867,1.2646403312683105,0.73254641152289,1.8653202056884766
1773798985.7254865,7,61,901120.0,0.005954545456916094,0.0028360867872834206,0.0,1.0,13.531379699707031,42.902366638183594,32.77578353881836,0.3968620475769209,1.3084121942520142
1773798985.8188212,7,62,819200.0,0.004999999888241291,0.0,0.0,1.0,9.120871543884277,30.093481063842773,20.496618270874023,0.837912810643789,1.7765746116638184
1773798985.8410022,7,63,819200.0,0.004999999888241291,0.0,0.0,1.0,12.391573905944824,40.8612174987793,31.674175262451172,0.5108425810270556,1.3137497901916504
1773798985.8708355,7,64,819200.0,0.005350000225007534,0.0013143440010026097,0.0,1.0,9.148354530334473,30.216245651245117,20.089664459228516,0.8351645689007228,0.9475249648094177
1773798985.888864,7,65,819200.0,0.0056500001810491085,0.0017965243896469474,0.0,1.0,7.3737263679504395,21.793073654174805,13.85014533996582,1.012627366731945,1.5915286540985107
1773798985.9089937,7,66,819200.0,0.004999999888241291,0.0,0.0,1.0,10.778663635253906,36.605159759521484,27.418119430541992,0.6721336697509206,1.731480598449707
1773798985.93529,7,67,819200.0,0.004999999888241291,0.0,0.0,1.0,11.9251070022583,39.82405471801758,29.697471618652344,0.5574892679814507,1.7541004419326782
1773798985.9607844,7,68,819200.0,0.004999999888241291,0.0,0.0,1.0,12.15137004852295,40.34431076049805,31.157270431518555,0.5348630211717678,0.529265820980072
1773798985.9862628,7,69,819200.0,0.006399999838322401,0.003120897337794304,0.0,1.0,5.436272144317627,12.173113822937012,3.944396734237671,1.2063727878947335,1.6709635257720947
1773798986.0181162,7,70,819200.0,0.005350000225007534,0.0013143440010026097,0.0,1.0,11.383405685424805,38.432159423828125,28.305580139160156,0.6116594532757889,1.5990827083587646
1773798986.0440638,7,71,819200.0,0.004999999888241291,0.0,0.0,1.0,10.832091331481934,36.77890396118164,27.591861724853516,0.6667908960579385,1.5142762660980225
1773798986.0758407,7,72,819200.0,0.004999999888241291,0.0,0.0,1.0,10.269643783569336,34.82835388183594,25.641313552856445,0.7230355894343776,1.962777853012085
1773798986.1249044,7,73,819200.0,0.004999999888241291,0.0,0.0,1.0,15.29758358001709,45.143890380859375,35.01730728149414,0.22024165123238815,1.2911717891693115
1773798986.1572905,7,74,819200.0,0.005350000225007534,0.0013143440010026097,0.0,1.0,9.032649993896484,29.696950912475586,20.100088119506836,0.8467349833390155,1.4845978021621704
1773798986.189696,7,75,819200.0,0.004999999888241291,0.0,0.0,1.0,10.088911056518555,34.145748138427734,24.548887252807617,0.7411088513455795,1.73984694480896
1773798986.22062,7,76,819200.0,0.004999999888241291,0.0,0.0,1.0,12.007098197937012,40.0164794921875,29.8898983001709,0.5492902247072977,1.7877986431121826
1773798986.2623148,7,77,819200.0,0.004999999888241291,0.0,0.0,1.0,12.517881393432617,41.11936950683594,31.932329177856445,0.4982118486425211,1.3967986106872559
1773798986.2915835,7,78,819200.0,0.004999999888241291,0.0,0.0,1.0,9.588441848754883,32.12636947631836,22.529504776000977,0.7911557709192317,1.107445240020752
1773798986.3225691,7,79,819200.0,0.005350000225007534,0.0013143440010026097,0.0,1.0,8.129495620727539,25.471240997314453,15.344658851623535,0.9370504742227143,1.3918834924697876
1773798986.3599424,7,80,819200.0,0.004999999888241291,0.0,0.0,1.0,9.561639785766602,32.01332092285156,22.416458129882812,0.793835976362053,1.5745385885238647
1773798986.3927534,7,81,819200.0,0.004999999888241291,0.0,0.0,1.0,10.66112995147705,36.214385986328125,27.027347564697266,0.683886979240033,1.3962844610214233
1773798986.4177449,7,82,819200.0,0.004999999888241291,0.0,0.0,1.0,9.585633277893066,32.11454391479492,21.987960815429688,0.7914366486744502,1.2594144344329834
1773798986.4377902,7,83,819200.0,0.005350000225007534,0.0013143440010026097,0.0,1.0,8.872129440307617,28.96653175354004,19.36966896057129,0.8627870558208354,0.2882980704307556
1773798986.4682279,7,84,819200.0,0.005950000137090683,0.00021794495114590973,0.0,1.0,4.326631546020508,6.630855560302734,-1.6543967723846436,1.317336852875913,0.6178677678108215
1773798986.4924679,7,85,778240.0,0.005105263087898493,0.0003068922087550163,0.05000000074505806,1.0,5.8448286056518555,14.210958480834961,4.528517246246338,0.665517135467758,1.7302803993225098
1773798986.5074954,7,86,860160.0,0.005333333276212215,0.0012848321348428726,0.0,1.0,11.913501739501953,39.79644775390625,30.60940933227539,0.5586498065179302,1.9334359169006348
1773798986.5285106,7,87,819200.0,0.004999999888241291,0.0,0.0,1.0,14.692158699035645,44.469024658203125,35.281986236572266,0.2807841067619141,1.5941202640533447
1773798986.5451722,7,88,819200.0,0.004999999888241291,0.0,0.0,1.0,10.79690933227539,36.664764404296875,26.538185119628906,0.6703090986389053,1.5773637294769287
1773798986.5672617,7,89,819200.0,0.004999999888241291,0.0,0.0,1.0,10.68043041229248,36.27936553955078,27.09232521057129,0.6819569285258502,1.1877412796020508
1773798986.5886753,7,90,819200.0,0.004999999888241291,0.0,0.0,1.0,8.517537117004395,27.318050384521484,17.7211856842041,0.8982463277456489,1.7989658117294312
1773798986.6056292,7,91,819200.0,0.004999999888241291,0.0,0.0,1.0,12.648087501525879,41.37621307373047,31.249631881713867,0.485191270652777,1.4158580303192139
1773798986.662295,7,92,819200.0,0.004999999888241291,0.0,0.0,1.0,9.693445205688477,32.564735412597656,22.967872619628906,0.7806554613479507,1.6323972940444946
1773798986.7048442,7,93,819200.0,0.004999999888241291,0.0,0.0,1.0,11.07724380493164,37.54513931274414,28.358097076416016,0.6422756031666776,1.6460797786712646
1773798986.7313266,7,94,819200.0,0.004999999888241291,0.0,0.0,1.0,11.182886123657227,37.85983657836914,27.733253479003906,0.6317114216813811,0.6802208423614502
1773798986.776062,7,95,819200.0,0.00634999992325902,0.002351063536480069,0.0,1.0,6.132684707641602,15.645079612731934,7.716557025909424,1.1367315461142784,1.6996662616729736
1773798986.8008604,7,96,819200.0,0.004999999888241291,0.0,0.0,1.0,11.629859924316406,39.092323303222656,29.905282974243164,0.5870140056756097,0.83649742603302
1773798986.8184905,7,97,819200.0,0.006399999838322401,0.003120897337794304,0.0,1.0,6.856281757354736,19.23944091796875,9.112859725952148,1.0643718321209095,0.9260643124580383
1773798986.840926,7,98,819200.0,0.004999999888241291,0.0,0.0,1.0,7.273383617401123,21.29947853088379,13.586813926696777,1.0226616151469767,1.6518189907073975
1773798986.8580096,7,99,819200.0,0.004999999888241291,0.0,0.0,1.0,11.228139877319336,37.99183654785156,28.80479621887207,0.627186016296126,1.4982199668884277
1773798986.8914948,7,100,819200.0,0.004999999888241291,0.0,0.0,1.0,10.171006202697754,34.45906066894531,24.332477569580078,0.7328994253263723,1.9055531024932861
1773798986.9140172,7,101,819200.0,0.004999999888241291,0.0,0.0,1.0,14.17973804473877,43.827720642089844,34.640682220458984,0.33202618980811205,0.49606454372406006
1773798986.9331584,7,102,778240.0,0.005736842285841703,0.001830792287364602,0.05000000074505806,1.0,5.283280372619629,11.40948486328125,1.8075495958328247,0.7216719696705729,0.8448001146316528
1773798986.961469,7,103,860160.0,0.005333333276212215,0.0012848321348428726,0.0,1.0,6.894851207733154,19.430402755737305,9.303821563720703,1.0605148651373542,1.436842679977417
1773798987.004254,7,104,819200.0,0.004999999888241291,0.0,0.0,1.0,9.81119155883789,33.04738235473633,23.450519561767578,0.7688808686326165,0.3090810775756836
1773798987.0478315,7,105,778240.0,0.012947368435561657,0.01102854497730732,0.05000000074505806,1.0,4.4222869873046875,7.108864784240723,1.5658167600631714,0.6577713133850172,1.3629631996154785
1773798987.0877624,7,106,819200.0,0.005100000184029341,0.0003000000142492354,0.0,1.0,9.406030654907227,31.348154067993164,21.221572875976562,0.8093968971214979,0.9247644543647766
1773798987.1065848,7,107,819200.0,0.005350000225007534,0.0013143440010026097,0.0,1.0,7.267312049865723,21.269582748413086,13.556917190551758,1.0232688031009307,1.2577946186065674
1773798987.1209288,7,108,819200.0,0.004999999888241291,0.0,0.0,1.0,8.864005088806152,28.929275512695312,19.332412719726562,0.8635994999058203,0.608587384223938
1773798987.140534,7,109,819200.0,0.006049999967217445,0.002957617398351431,0.0,1.0,5.8020124435424805,13.997509956359863,3.8709282875061035,1.1697987585993963,1.1304540634155273
1773798987.1537178,7,110,819200.0,0.004999999888241291,0.0,0.0,1.0,8.239903450012207,26.000442504882812,17.20635414123535,0.9260096525949125,1.1648176908493042
1773798987.1663055,7,111,819200.0,0.004999999888241291,0.0,0.0,1.0,8.405922889709473,26.790807723999023,17.99671745300293,0.9094076821734897,1.3078184127807617
1773798987.184888,7,112,819200.0,0.004999999888241291,0.0,0.0,1.0,9.117819786071777,30.079822540283203,19.9532413482666,0.8382180302079938,1.0095529556274414
1773798987.1993494,7,113,819200.0,0.005350000225007534,0.0013143440010026097,0.0,1.0,7.664931774139404,23.21971893310547,15.276789665222168,0.9835068368235218,1.6745212078094482
1773798987.2215693,7,114,819200.0,0.004999999888241291,0.0,0.0,1.0,11.413026809692383,38.51398849487305,29.326948165893555,0.608697282825603,1.0992681980133057
1773798987.235064,7,115,819200.0,0.006049999967217445,0.002957617398351431,0.0,1.0,8.090387344360352,25.28316879272461,15.156586647033691,0.9409612941264104,0.46953660249710083
1773798987.2612855,7,116,819200.0,0.007449999917298555,0.003943031653761864,0.0,1.0,5.161070346832275,10.799342155456543,2.7051196098327637,1.2338929546259585,1.4990026950836182
1773798987.2882447,7,117,819200.0,0.004999999888241291,0.0,0.0,1.0,10.175765991210938,34.4770622253418,25.290021896362305,0.7324233962928686,0.860213041305542
1773798987.3044593,7,118,819200.0,0.005350000225007534,0.0013143440010026097,0.0,1.0,6.96649694442749,19.784900665283203,9.658318519592285,1.0533503230757348,1.3295196294784546
1773798987.3263621,7,119,819200.0,0.004999999888241291,0.0,0.0,1.0,9.230050086975098,30.578950881958008,20.982088088989258,0.8269949460228225,1.5787410736083984
1773798987.341092,7,120,819200.0,0.004999999888241291,0.0,0.0,1.0,10.689874649047852,36.31104278564453,27.124004364013672,0.681012531286088,1.7573716640472412
1773798987.3638818,7,121,819200.0,0.004999999888241291,0.0,0.0,1.0,12.185334205627441,40.41954803466797,30.292966842651367,0.531466560535472,0.823051393032074
1773798987.378332,7,122,819200.0,0.008349999785423279,0.0033804585691541433,0.0,1.0,6.793852806091309,18.9301815032959,11.217516899108887,1.0706146986371048,1.3927830457687378
1773798987.4018621,7,123,819200.0,0.005350000225007534,0.0013143440010026097,0.0,1.0,9.566536903381348,32.03401184082031,22.43714714050293,0.7933462651387044,1.399285912513733
1773798987.4220855,7,124,819200.0,0.004999999888241291,0.0,0.0,1.0,9.60204792022705,32.18357467651367,22.056995391845703,0.7897952543795151,1.5525648593902588
1773798987.4375405,7,125,819200.0,0.004999999888241291,0.0,0.0,1.0,10.514103889465332,35.70899200439453,26.52195167541504,0.6985896382912604,1.3164288997650146
1773798987.4546747,7,126,819200.0,0.004999999888241291,0.0,0.0,1.0,9.162179946899414,30.277864456176758,20.681001663208008,0.8337819877638332,1.504812479019165
1773798987.4724414,7,127,819200.0,0.004999999888241291,0.0,0.0,1.0,10.211251258850098,34.610687255859375,24.484106063842773,0.7288748876527227,1.4384865760803223
1773798987.4949157,7,128,819200.0,0.004999999888241291,0.0,0.0,1.0,9.820516586303711,33.08518981933594,23.48832893371582,0.7679482970067106,1.7656171321868896
1773798987.509472,7,129,819200.0,0.004999999888241291,0.0,0.0,1.0,12.272425651550293,40.609195709228516,31.42215347290039,0.522757434765734,1.8765161037445068
1773798987.5323756,7,130,819200.0,0.004999999888241291,0.0,0.0,1.0,13.702054023742676,43.15987014770508,33.033287048339844,0.3797946355805566,1.6248514652252197
1773798987.5477133,7,131,819200.0,0.004999999888241291,0.0,0.0,1.0,11.020273208618164,37.37158203125,28.18454360961914,0.6479726346278425,1.7492554187774658
1773798987.5719116,7,132,819200.0,0.004999999888241291,0.0,0.0,1.0,12.101659774780273,40.23287582397461,31.045833587646484,0.5398340038607701,0.8580453395843506
1773798987.593861,7,133,819200.0,0.005350000225007534,0.0013143440010026097,0.0,1.0,6.956416606903076,19.735042572021484,9.608461380004883,1.054358328687153,0.8922935128211975
1773798987.608064,7,134,819200.0,0.004999999888241291,0.0,0.0,1.0,7.1158294677734375,20.522750854492188,12.81008529663086,1.03841707245989,0.20753931999206543
1773798987.6320288,7,135,819200.0,0.006899999920278788,0.00043588990229181945,0.0,1.0,3.9549810886383057,4.773404121398926,-1.050647497177124,1.3545018976593235,1.8027030229568481
1773798987.6538675,7,136,819200.0,0.005200000014156103,0.0006000000284984708,0.0,1.0,12.692720413208008,41.4621696472168,31.335588455200195,0.4807279430116653,0.715678334236145
1773798987.6725693,7,137,819200.0,0.0070500001311302185,0.0033387872390449047,0.0,1.0,6.296546936035156,16.460601806640625,8.446619987487793,1.120345316556954,1.1286405324935913
1773798987.6873872,7,138,819200.0,0.004999999888241291,0.0,0.0,1.0,8.231180191040039,25.95873260498047,17.164642333984375,0.9268819333277525,0.5116703510284424
1773798987.7077317,7,139,819200.0,0.008299999870359898,0.0034219876397401094,0.0,1.0,5.3551859855651855,11.768418312072754,1.6418365240097046,1.2144813790725841,1.7949304580688477
1773798987.7219713,7,140,819200.0,0.004999999888241291,0.0,0.0,1.0,12.600497245788574,41.28340148925781,32.09635925292969,0.4899503132026868,1.6741353273391724
1773798987.7799454,7,141,819200.0,0.004999999888241291,0.0,0.0,1.0,11.409802436828613,38.50511169433594,29.318071365356445,0.6090197823039225,1.7997138500213623
1773798987.8019633,7,142,819200.0,0.004999999888241291,0.0,0.0,1.0,12.656977653503418,41.39341735839844,31.266836166381836,0.4843022323330597,1.356995701789856
1773798987.8183475,7,143,819200.0,0.004999999888241291,0.0,0.0,1.0,9.374337196350098,31.210901260375977,21.614038467407227,0.8125662789223952,1.8633127212524414
1773798987.8389733,7,144,819200.0,0.004999999888241291,0.0,0.0,1.0,13.501513481140137,42.85619354248047,33.669151306152344,0.3998486158034773,1.2267695665359497
1773798987.8528843,7,145,819200.0,0.005350000225007534,0.0013143440010026097,0.0,1.0,8.70944881439209,28.215700149536133,18.08911895751953,0.8790551371878758,0.9279135465621948
1773798987.872767,7,146,819200.0,0.005350000225007534,0.0013143440010026097,0.0,1.0,7.282022953033447,21.342012405395508,13.629345893859863,1.0217976931571116,1.060191035270691
1773798987.9037936,7,147,819200.0,0.004999999888241291,0.0,0.0,1.0,7.904322147369385,24.3843936920166,15.590304374694824,0.9595677745153471,1.7191162109375
1773798987.9396958,7,148,819200.0,0.004999999888241291,0.0,0.0,1.0,11.807364463806152,39.5396728515625,29.4130916595459,0.5692635603599316,1.2274025678634644
1773798987.9712672,7,149,819200.0,0.004999999888241291,0.0,0.0,1.0,8.712583541870117,28.23025894165039,18.63339614868164,0.8787416903670795,1.1963391304016113
1773798987.9891126,7,150,819200.0,0.004999999888241291,0.0,0.0,1.0,8.559598922729492,27.51580047607422,17.91893768310547,0.8940400910520966,1.9483838081359863
1773798988.01613,7,151,819200.0,0.004999999888241291,0.0,0.0,1.0,14.991450309753418,44.812828063964844,34.68624496459961,0.25085496621018355,0.8551463484764099
1773798988.0410855,7,152,819200.0,0.006399999838322401,0.003120897337794304,0.0,1.0,6.942937850952148,19.668365478515625,11.955700874328613,1.0557061985213703,1.5403985977172852
1773798988.0546021,7,153,819200.0,0.004999999888241291,0.0,0.0,1.0,10.434906959533691,35.429168701171875,26.242128372192383,0.706509303549461,0.9436695575714111
1773798988.0741956,7,154,819200.0,0.0056500001810491085,0.0017965243896469474,0.0,1.0,7.355686187744141,21.70439910888672,11.577817916870117,1.0144313958894793,1.682262897491455
1773798988.0880878,7,155,819200.0,0.004999999888241291,0.0,0.0,1.0,11.478363037109375,38.692047119140625,29.505006790161133,0.6021636770321772,1.5934691429138184
1773798988.108764,7,156,819200.0,0.004999999888241291,0.0,0.0,1.0,10.792316436767578,36.6497917175293,27.462749481201172,0.6707683248204723,0.8120969533920288
1773798988.122613,7,157,819200.0,0.005350000225007534,0.0013143440010026097,0.0,1.0,6.7430219650268555,18.67823028564453,8.551648139953613,1.0756977978989362,1.2112722396850586
1773798988.1358597,7,158,819200.0,0.004999999888241291,0.0,0.0,1.0,8.632936477661133,27.85926055908203,18.26239776611328,0.8867063882714721,1.6603304147720337
1773798988.1539128,7,159,819200.0,0.004999999888241291,0.0,0.0,1.0,11.296329498291016,38.187599182128906,29.000558853149414,0.62036704389442,1.6355994939804077
1773798988.1686428,7,160,819200.0,0.004999999888241291,0.0,0.0,1.0,11.101692199707031,37.61878967285156,27.492206573486328,0.6398307540841262,1.4935160875320435
1773798988.189995,7,161,819200.0,0.004999999888241291,0.0,0.0,1.0,10.142498970031738,34.350868225097656,25.163829803466797,0.7357501317763739,1.8689296245574951
1773798988.2034419,7,162,819200.0,0.004999999888241291,0.0,0.0,1.0,13.585633277893066,42.985382080078125,33.79833984375,0.39143663041157106,1.567341923713684
1773798988.2244515,7,163,819200.0,0.004999999888241291,0.0,0.0,1.0,10.612384796142578,36.04886245727539,25.922283172607422,0.6887615420235826,1.3907893896102905
1773798988.237668,7,164,819200.0,0.004999999888241291,0.0,0.0,1.0,9.555688858032227,31.988155364990234,22.391292572021484,0.794431113030066,1.5938172340393066
1773798988.2610183,7,165,819200.0,0.004999999888241291,0.0,0.0,1.0,10.794771194458008,36.65779495239258,27.47075653076172,0.6705228897737145,1.714247703552246
1773798988.2766807,7,166,819200.0,0.004999999888241291,0.0,0.0,1.0,11.762075424194336,39.427696228027344,29.301115036010742,0.573792464324226,1.757096529006958
1773798988.3015373,7,167,819200.0,0.004999999888241291,0.0,0.0,1.0,12.182464599609375,40.4132194519043,31.226179122924805,0.5317534944117741,1.9262856245040894
1773798988.3242486,7,168,819200.0,0.004999999888241291,0.0,0.0,1.0,14.555281639099121,44.304569244384766,35.117530822753906,0.29447179755174857,1.624937653541565
1773798988.3400915,7,169,819200.0,0.004999999888241291,0.0,0.0,1.0,11.020919799804688,37.373565673828125,27.246984481811523,0.6479080621847559,1.2420928478240967
1773798988.3608043,7,170,819200.0,0.005350000225007534,0.0013143440010026097,0.0,1.0,8.785541534423828,28.56813621520996,18.97127342224121,0.8714458882747312,1.6827359199523926
1773798988.3954089,7,171,819200.0,0.004999999888241291,0.0,0.0,1.0,11.48239517211914,38.70292663574219,29.515886306762695,0.6017604883798056,0.13148581981658936
1773798988.4482055,7,172,40960.0,0.004999999888241291,0.0,0.949999988079071,1.0,3.6050353050231934,3.0241737365722656,-7.102407455444336,-1.1105035411094601,1.7679731845855713
1773798988.478552,7,173,1269760.0,0.03887096792459488,0.034165386110544205,0.0,1.0,12.297709465026855,40.66338348388672,31.476343154907227,0.27022900894741597,1.1752742528915405
1773798988.525481,7,174,778240.0,0.006105263251811266,0.002149534411728382,0.05000000074505806,1.0,8.456743240356445,27.031307220458984,14.074577331542969,0.40432571074917834,1.292609691619873
1773798988.5622778,7,175,860160.0,0.005333333276212215,0.0012848321348428726,0.0,1.0,9.039977073669434,29.730022430419922,19.60344123840332,0.8460022591825215,0.7759174108505249
1773798988.5887573,7,176,819200.0,0.006399999838322401,0.003120897337794304,0.0,1.0,6.575309753417969,17.846099853515625,10.42149543762207,1.0924690011719047,1.1123555898666382
1773798988.6293364,7,177,819200.0,0.004999999888241291,0.0,0.0,1.0,8.153011322021484,25.584178924560547,16.790088653564453,0.9346988510544308,1.8163052797317505
1773798988.6543112,7,178,819200.0,0.004999999888241291,0.0,0.0,1.0,12.859885215759277,41.775020599365234,31.648439407348633,0.46401147673780185,1.3996232748031616
1773798988.6813083,7,179,819200.0,0.004999999888241291,0.0,0.0,1.0,9.60389518737793,32.19133377075195,22.594472885131836,0.7896105021953937,1.7340466976165771
1773798988.6953359,7,180,819200.0,0.004999999888241291,0.0,0.0,1.0,11.950050354003906,39.88307571411133,30.696033477783203,0.5549949188585193,1.5338214635849
1773798988.7151546,7,181,819200.0,0.004999999888241291,0.0,0.0,1.0,10.392702102661133,35.27789306640625,25.15131187438965,0.7107297504255201,1.5079092979431152
1773798988.7316577,7,182,819200.0,0.004999999888241291,0.0,0.0,1.0,10.230277061462402,34.681915283203125,25.494873046875,0.7269722779137013,1.3191707134246826
1773798988.7764332,7,183,819200.0,0.004999999888241291,0.0,0.0,1.0,9.176351547241211,30.340927124023438,20.744064331054688,0.832364825220977,0.41446423530578613
1773798988.8213499,7,184,778240.0,0.012157894670963287,0.003587451297789812,0.05000000074505806,1.0,4.90743350982666,9.53267765045166,-0.06925752758979797,0.7592566535366234,0.784938633441925
1773798988.853966,7,185,860160.0,0.005904762074351311,0.0020909046288579702,0.0,1.0,6.617105484008789,18.0535888671875,10.628983497619629,1.0882894375163543,0.6210861802101135
1773798988.871958,7,186,819200.0,0.004999999888241291,0.0,0.0,1.0,5.859678745269775,14.284981727600098,6.056264877319336,1.1640321327453411,1.7476959228515625
1773798988.8932314,7,187,819200.0,0.004999999888241291,0.0,0.0,1.0,12.085807800292969,40.19700622558594,30.070425033569336,0.5414191787818212,1.6293683052062988
1773798988.9078166,7,188,819200.0,0.004999999888241291,0.0,0.0,1.0,11.054268836975098,37.47547149658203,28.28843116760254,0.6445731625805098,1.1500682830810547
1773798988.928014,7,189,819200.0,0.004999999888241291,0.0,0.0,1.0,8.334486961364746,26.451570510864258,17.657480239868164,0.9165512881979583,1.7821080684661865
1773798988.941041,7,190,819200.0,0.004999999888241291,0.0,0.0,1.0,12.453289031982422,40.988487243652344,30.86190414428711,0.5046710834342139,1.3808774948120117
1773798988.963351,7,191,819200.0,0.004999999888241291,0.0,0.0,1.0,9.5020112991333,31.760181427001953,22.163318634033203,0.7997988742300397,1.1639118194580078
1773798988.978003,7,192,819200.0,0.004999999888241291,0.0,0.0,1.0,8.401527404785156,26.76997184753418,17.975881576538086,0.9098472416026568,1.2794348001480103
1773798988.9968364,7,193,819200.0,0.004999999888241291,0.0,0.0,1.0,8.973039627075195,29.427000045776367,19.300418853759766,0.8526960389215571,1.0535378456115723
1773798989.0131984,7,194,819200.0,0.00570000009611249,0.0017916472861543298,0.0,1.0,7.872767448425293,24.23137092590332,15.437280654907227,0.9627232549939532,1.6049468517303467
1773798989.0357776,7,195,819200.0,0.004999999888241291,0.0,0.0,1.0,10.874090194702148,36.91377639770508,27.72673797607422,0.6625909417559108,1.9116735458374023
1773798989.0499187,7,196,819200.0,0.004999999888241291,0.0,0.0,1.0,14.287426948547363,43.96849060058594,33.84191131591797,0.3212573265490313,1.178214430809021
1773798989.0730164,7,197,819200.0,0.006049999967217445,0.0021089096553623676,0.0,1.0,8.471059799194336,27.09893226623535,17.5020694732666,0.9028940091494253,0.8058333992958069
1773798989.0861757,7,198,819200.0,0.005350000225007534,0.0013143440010026097,0.0,1.0,6.7139692306518555,18.534168243408203,11.109562873840332,1.078603098797705,1.8036974668502808
1773798989.1092603,7,199,819200.0,0.004999999888241291,0.0,0.0,1.0,12.704689025878906,41.485042572021484,31.35845947265625,0.47953108957775537,1.8627208471298218
1773798989.1229234,7,200,819200.0,0.004999999888241291,0.0,0.12776830792427063,1.0,13.49275016784668,42.84257888793945,33.655540466308594,-0.16315917490249232,0.9190697073936462
1773798989.1515133,7,201,2361920.0,0.0059523810632526875,0.00021295885380823165,0.0,1.0,7.240718364715576,21.13860321044922,10.086467742919922,1.0259281830998366,1.4527678489685059
1773798989.1751153,7,202,2400000.0,0.005100000184029341,0.0003000000142492354,0.0,1.0,9.90219783782959,33.41366195678711,23.287078857421875,0.7597802498934054,1.9379916191101074
1773798989.1973546,7,203,2400000.0,0.004999999888241291,0.0,0.0,1.0,14.781451225280762,44.57380676269531,36.5598258972168,0.27185486016744553,1.1863914728164673
1773798989.214838,7,204,2400000.0,0.004999999888241291,0.0,0.0,1.0,8.510943412780762,27.287004470825195,19.001750946044922,0.8989056510263597,0.8304414749145508
1773798989.242622,7,205,2280000.0,0.01542105246335268,0.010449456050992012,0.05000000074505806,1.0,6.828159332275391,19.100154876708984,9.265449523925781,0.417184062214221,0.7224475145339966
1773798989.2775142,7,206,2280000.0,0.014999999664723873,0.01018771156668663,0.05000000074505806,1.0,6.327846527099609,16.61629295349121,8.906084060668945,0.4672153371086629,0.6147595643997192
1773798989.3065064,7,207,2400000.0,0.007799999788403511,0.003544009057804942,0.0,1.0,5.8304877281188965,14.139470100402832,5.854217529296875,1.166951214097698,1.6685031652450562
1773798989.3220305,7,208,2400000.0,0.005100000184029341,0.0003000000142492354,0.0,1.0,11.363064765930176,38.375572204589844,28.248991012573242,0.6136934798209497,1.6526070833206177
1773798989.34071,7,209,2400000.0,0.004999999888241291,0.0,0.0,1.0,11.23439884185791,38.00996398925781,29.995981216430664,0.62656009653771,1.8602876663208008
1773798989.3584511,7,210,2400000.0,0.004999999888241291,0.0,0.0,1.0,13.456920623779297,42.786617279052734,34.77263259887695,0.40430790460177013,1.2649599313735962
1773798989.3742023,7,211,2400000.0,0.005350000225007534,0.0013143440010026097,0.0,1.0,8.899988174438477,29.094078063964844,18.967496871948242,0.8600012017480377,1.8568739891052246
1773798989.3870757,7,212,2400000.0,0.004999999888241291,0.0,0.0,1.0,13.407184600830078,42.70810317993164,34.69411849975586,0.4092815553842155,1.57908034324646
1773798989.4066796,7,213,2400000.0,0.004999999888241291,0.0,0.0,1.0,10.692204475402832,36.31884765625,28.30486488342285,0.6807795571823378,1.4212822914123535
1773798989.4207933,7,214,2400000.0,0.004999999888241291,0.0,0.0,1.0,9.723657608032227,32.689491271972656,22.562911987304688,0.7776342713660528,1.5688014030456543
1773798989.4395647,7,215,2400000.0,0.004999999888241291,0.0,0.0,1.0,10.622221946716309,36.08243179321289,28.068450927734375,0.6877777841523964,1.269698977470398
1773798989.4524293,7,216,2400000.0,0.004999999888241291,0.0,0.0,1.0,8.923851013183594,29.20307731628418,20.917823791503906,0.8576149384660715,1.6652040481567383
1773798989.4657822,7,217,2400000.0,0.004999999888241291,0.0,0.0,1.0,11.335973739624023,38.2996940612793,28.173110961914062,0.6164026176522206,1.6815745830535889
1773798989.4859114,7,218,2400000.0,0.004999999888241291,0.0,0.0,1.0,11.472504615783691,38.67621612548828,30.662233352661133,0.6027495442558075,0.8760693669319153
1773798989.501718,7,219,2400000.0,0.007449999917298555,0.002906458219513297,0.0,1.0,7.040269374847412,20.149595260620117,9.09745979309082,1.0459730454672775,0.4581955075263977
1773798989.5257354,7,220,2160000.0,0.01283333357423544,0.0061305249109864235,0.10000000149011612,1.0,5.108831405639648,10.538496971130371,2.5869596004486084,0.58911686569322,1.9448165893554688
1773798989.5502079,7,221,2520000.0,0.00552380969747901,0.001434906618669629,0.0,1.0,14.918356895446777,44.73078155517578,36.716800689697266,0.25816428288886173,1.8016986846923828
1773798989.5646694,7,222,2400000.0,0.004999999888241291,0.0,0.0,1.0,12.680672645568848,41.43907165527344,33.425086975097656,0.48193276275486263,1.180564284324646
1773798989.5932565,7,223,2280000.0,0.0064736842177808285,0.003184971632435918,0.05000000074505806,1.0,8.482511520385742,27.152978897094727,17.312959671020508,0.40174886949360133,1.25962495803833
1773798989.6068144,7,224,2520000.0,0.006000000052154064,0.002894987352192402,0.0,1.0,8.873186111450195,28.97137451171875,20.686120986938477,0.8626814219102534,1.7370860576629639
1773798989.6274433,7,225,2400000.0,0.004999999888241291,0.0,0.0,1.0,11.979826927185059,39.952980041503906,31.938997268676758,0.5520172644956014,0.5888222455978394
1773798989.6476178,7,226,2280000.0,0.014999999664723873,0.011341586709022522,0.05000000074505806,1.0,5.710843086242676,13.542911529541016,5.257659435272217,0.5289156719174003,0.6942169666290283
1773798989.6877654,7,227,2400000.0,0.007199999876320362,0.0019390719244256616,0.0,1.0,6.1973490715026855,15.96699047088623,8.256781578063965,1.1302651026344448,1.964242696762085
1773798989.7009835,7,228,2400000.0,0.005100000184029341,0.0003000000142492354,0.0,1.0,15.329778671264648,45.177581787109375,37.16360092163086,0.21702210947394707,1.455710530281067
1773798989.7133718,7,229,2400000.0,0.004999999888241291,0.0,0.0,1.0,9.919180870056152,33.48134231567383,23.354761123657227,0.7580819164867727,1.4355815649032593
1773798989.7481716,7,230,2400000.0,0.004999999888241291,0.0,0.0,1.0,9.804047584533691,33.018375396728516,24.5780086517334,0.7695952540219949,1.612902283668518
1773798989.7823474,7,231,2400000.0,0.004999999888241291,0.0,0.0,1.0,10.931828498840332,37.09675216674805,29.08277130126953,0.6568171464450054,0.9600148797035217
1773798989.8134642,7,232,2280000.0,0.008315789513289928,0.003947719465941191,0.05000000074505806,1.0,7.432213306427002,22.080341339111328,12.421560287475586,0.5067786695596933,1.888707160949707
1773798989.8353157,7,233,2520000.0,0.005333333276212215,0.0012848321348428726,0.0,1.0,13.89619255065918,43.44026565551758,35.4262809753418,0.3603807744949785,1.5102944374084473
1773798989.848208,7,234,2400000.0,0.004999999888241291,0.0,0.0,1.0,10.24498462677002,34.73677062988281,26.722789764404297,0.7255015244106022,0.6712042093276978
1773798989.8715377,7,235,2160000.0,0.011111111380159855,0.006822258234024048,0.10000000149011612,1.0,6.091036796569824,15.43769645690918,8.617398262023926,0.4908963040787674,0.66695237159729
1773798989.8967702,7,236,2520000.0,0.0080476189032197,0.0024780211970210075,0.0,1.0,6.0714006423950195,15.33990478515625,6.722631931304932,1.1428599371389911,1.2495083808898926
1773798989.9089549,7,237,2400000.0,0.005150000099092722,0.0004769696097355336,0.0,1.0,8.822532653808594,28.738693237304688,20.453439712524414,0.867746701459477,0.24695128202438354
1773798989.9343655,7,238,1680000.0,0.02014285698533058,0.006738557945936918,0.30000001192092896,1.0,4.136345863342285,5.679879665374756,-1.8829548358917236,-1.3136345715229634,1.3720953464508057
1773798989.948311,7,239,2760000.0,0.008999999612569809,0.006928203161805868,0.0,1.0,9.454797744750977,31.55819320678711,23.117826461791992,0.6545202195108863,0.9837080836296082
1773798989.9663875,7,240,2400000.0,0.0056500001810491085,0.0017965243896469474,0.0,1.0,7.543360233306885,22.625286102294922,14.560393333435059,0.995663954926078,1.5218636989593506
1773798989.9793925,7,241,2400000.0,0.004999999888241291,0.0,0.0,1.0,10.317009925842285,35.002864837646484,24.876283645629883,0.7182990531908979,1.1636409759521484
1773798989.9927595,7,242,2400000.0,0.005350000225007534,0.0013143440010026097,0.0,1.0,8.400213241577148,26.763742446899414,18.30908966064453,0.9099786427614751,0.6248025894165039
1773798990.0169556,7,243,2280000.0,0.0072105261497199535,0.002876016078516841,0.05000000074505806,1.0,5.876827239990234,14.37045955657959,5.930092811584473,0.6623172530505042,1.2802178859710693
1773798990.0384374,7,244,2520000.0,0.005428571254014969,0.0013299275888130069,0.0,1.0,8.977005958557129,29.445011138916016,19.318429946899414,0.8522993982818775,1.3861922025680542
1773798990.0514116,7,245,2400000.0,0.004999999888241291,0.0,0.0,1.0,9.530739784240723,31.882421493530273,23.442054748535156,0.796925986804861,1.4522980451583862
1773798990.0702193,7,246,2400000.0,0.004999999888241291,0.0,0.0,1.0,9.899491310119629,33.402854919433594,24.962488174438477,0.760050895981166,0.997836172580719
1773798990.0858123,7,247,2400000.0,0.006049999967217445,0.0021089096553623676,0.0,1.0,7.609771728515625,22.950231552124023,12.823650360107422,0.9890228325210865,1.472678780555725
1773798990.1098287,7,248,2400000.0,0.004999999888241291,0.0,0.0,1.0,10.018194198608398,33.871612548828125,25.431245803833008,0.7481806027601443,0.878997802734375
1773798990.128237,7,249,2400000.0,0.0062500000931322575,0.0011346805840730667,0.0,1.0,7.0539021492004395,20.216949462890625,9.164813995361328,1.044609787519693,0.9483640193939209
1773798990.1561627,7,250,2280000.0,0.005842105485498905,0.0018140723695978522,0.05000000074505806,1.0,7.377653121948242,21.8123722076416,12.153590202331543,0.5122346717568942,1.3663368225097656
1773798990.186144,7,251,2520000.0,0.005333333276212215,0.0012848321348428726,0.0,1.0,9.4240083694458,31.42574691772461,22.985380172729492,0.8075991405930749,1.2136638164520264
1773798990.2038407,7,252,2400000.0,0.004999999888241291,0.0,0.0,1.0,8.644716262817383,27.914268493652344,19.62901496887207,0.8855284042461378,1.809826374053955
1773798990.2208316,7,253,2400000.0,0.004999999888241291,0.0,0.0,1.0,12.779322624206543,41.626007080078125,31.499425888061523,0.47206772980559353,1.3366079330444336
1773798990.2473454,7,254,2400000.0,0.006049999967217445,0.002957617398351431,0.0,1.0,9.267027854919434,30.741981506347656,22.301616668701172,0.8232972493053955,0.9288179278373718
1773798990.262507,7,255,2400000.0,0.004999999888241291,0.0,0.0,1.0,7.286248683929443,21.362812042236328,12.922941207885742,1.0213751383886849,1.531134843826294
1773798990.2874517,7,256,2400000.0,0.004999999888241291,0.0,0.0,1.0,10.375581741333008,35.216102600097656,25.089519500732422,0.7124418654262714,1.8557853698730469
1773798990.3034186,7,257,2400000.0,0.004999999888241291,0.0,0.0,1.0,13.391451835632324,42.68306350708008,34.66908264160156,0.41085477353509003,1.4949009418487549
1773798990.3292124,7,258,2400000.0,0.004999999888241291,0.0,0.0,1.0,10.150873184204102,34.382720947265625,26.36874008178711,0.7349126385853237,0.7163209915161133
1773798990.3508453,7,259,2280000.0,0.014000000432133675,0.01111660711467266,0.05000000074505806,1.0,6.29951810836792,16.475383758544922,8.76517391204834,0.47004818509297874,1.7154722213745117
1773798990.364729,7,260,2400000.0,0.005100000184029341,0.0003000000142492354,0.0,1.0,11.77341079711914,39.45586013793945,31.441879272460938,0.5726589072172963,1.4531422853469849
1773798990.384221,7,261,2400000.0,0.004999999888241291,0.0,0.0,1.0,9.904356002807617,33.422271728515625,24.98190689086914,0.7595644461085171,1.6661990880966187
1773798990.396522,7,262,2400000.0,0.004999999888241291,0.0,0.0,1.0,11.344122886657715,38.32257843017578,28.19599723815918,0.6155877102212644,1.6904926300048828
1773798990.4092817,7,263,2400000.0,0.004999999888241291,0.0,0.0,1.0,11.54918384552002,38.88133239746094,30.867347717285156,0.5950816564767452,1.6968978643417358
1773798990.4335124,7,264,2400000.0,0.004999999888241291,0.0,0.0,1.0,11.605316162109375,39.02865219116211,31.01466941833496,0.5894683996058281,1.1154913902282715
1773798990.448384,7,265,2400000.0,0.005350000225007534,0.0013143440010026097,0.0,1.0,8.168042182922363,25.656301498413086,15.529720306396484,0.933195804048724,1.2870402336120605
1773798990.4652843,7,266,2400000.0,0.004999999888241291,0.0,0.0,1.0,9.011626243591309,29.601924896240234,21.316673278808594,0.8488373399986161,1.8714663982391357
1773798990.4777513,7,267,2400000.0,0.004999999888241291,0.0,0.0,1.0,13.624198913574219,43.04372787475586,35.02974319458008,0.3875801377774617,1.124562382698059
1773798990.4955223,7,268,2400000.0,0.005350000225007534,0.0013143440010026097,0.0,1.0,8.211578369140625,25.86493492126465,15.738353729248047,0.9288421377786555,1.6838655471801758
1773798990.5078084,7,269,2400000.0,0.004999999888241291,0.0,0.0,1.0,11.492042541503906,38.72890853881836,30.71492576599121,0.600795746103937,1.5939509868621826
1773798990.5255895,7,270,2400000.0,0.004999999888241291,0.0,0.0,1.0,10.795714378356934,36.66087341308594,28.64689064025879,0.6704285403488457,0.7618151307106018
1773798990.5427315,7,271,2280000.0,0.01331578940153122,0.011434263549745083,0.05000000074505806,1.0,6.510001182556152,17.521747589111328,7.924885272979736,0.44899987546917774,0.6567037105560303
1773798990.568946,7,272,2280000.0,0.010999999940395355,0.005739979911595583,0.05000000074505806,1.0,6.024075984954834,15.104185104370117,6.486912727355957,0.4975923874862821,1.6026114225387573
1773798990.581898,7,273,2400000.0,0.005200000014156103,0.0006000000284984708,0.0,1.0,10.857308387756348,36.86006164550781,28.846080780029297,0.6642691947842625,1.249651312828064
1773798990.600507,7,274,2400000.0,0.004999999888241291,0.0,0.0,1.0,8.823246955871582,28.741979598999023,18.615398406982422,0.867675288986743,1.2466458082199097
1773798990.6138856,7,275,2400000.0,0.004999999888241291,0.0,0.0,1.0,8.808239936828613,28.672853469848633,20.387601852416992,0.8691760183086871,1.3933075666427612
1773798990.634939,7,276,2400000.0,0.004999999888241291,0.0,0.0,1.0,9.5693941116333,32.04607391357422,23.6057071685791,0.7930605520242601,1.755488634109497
1773798990.6483052,7,277,2400000.0,0.004999999888241291,0.0,0.0,1.0,12.165742874145508,40.37623977661133,30.249656677246094,0.5334256831614035,1.9296364784240723
1773798990.6689231,7,278,2400000.0,0.004999999888241291,0.0,0.0,1.0,14.618936538696289,44.38163757324219,36.36765670776367,0.28810631768789885,1.3479241132736206
1773798990.6928515,7,279,2400000.0,0.004999999888241291,0.0,0.0,1.0,9.326408386230469,31.002254486083984,22.561887741088867,0.8173591164682044,1.8234386444091797
1773798990.706418,7,280,2400000.0,0.004999999888241291,0.0,0.0,1.0,12.950637817382812,41.9390869140625,31.81250762939453,0.4549362517404325,1.822228193283081
1773798990.7208183,7,281,2400000.0,0.004999999888241291,0.0,0.0,1.0,12.935083389282227,41.91124725341797,33.89726638793945,0.4564916979546063,0.9769583344459534
1773798990.741482,7,282,2400000.0,0.004999999888241291,0.0,0.0,1.0,7.511668682098389,22.470041275024414,14.405149459838867,0.9988331113801363,1.3879714012145996
1773798990.7549927,7,283,2400000.0,0.004999999888241291,0.0,0.0,1.0,9.540385246276855,31.923341751098633,21.79676055908203,0.7959615201718258,0.8798545598983765
1773798990.791401,7,284,2280000.0,0.014263157732784748,0.011148953810334206,0.05000000074505806,1.0,7.057890892028809,20.23665428161621,9.184518814086914,0.39421089863028747,1.4272267818450928
1773798990.8162417,7,285,2400000.0,0.005100000184029341,0.0003000000142492354,0.0,1.0,9.756942749023438,32.82621765136719,24.385848999023438,0.7743057030674905,1.77261221408844
1773798990.8380501,7,286,2400000.0,0.004999999888241291,0.0,0.0,1.0,12.348026275634766,40.77008056640625,30.64349937438965,0.5151973462407007,1.7055895328521729
1773798990.8538873,7,287,2400000.0,0.004999999888241291,0.0,0.0,1.0,11.682963371276855,39.22855758666992,31.214576721191406,0.5817036665699151,1.2486027479171753
1773798990.8734925,7,288,2400000.0,0.004999999888241291,0.0,0.0,1.0,8.818009376525879,28.717863082885742,20.4326114654541,0.8681990795174912,1.8673110008239746
1773798990.8884556,7,289,2400000.0,0.004999999888241291,0.0,0.0,1.0,13.561214447021484,42.94815444946289,32.821571350097656,0.39387853198098677,1.2754617929458618
1773798990.920032,7,290,2400000.0,0.004999999888241291,0.0,0.0,1.0,8.9529390335083,29.335620880126953,21.050369262695312,0.8547060966454669,1.6433360576629639
1773798990.946205,7,291,2400000.0,0.004999999888241291,0.0,0.0,1.0,11.161452293395996,37.796730041503906,29.782747268676758,0.6338548165747915,1.46260404586792
1773798990.9957151,7,292,2400000.0,0.004999999888241291,0.0,0.0,1.0,9.959178924560547,33.639892578125,23.5133113861084,0.7540820603380609,1.8000202178955078
1773798991.050139,7,293,2400000.0,0.004999999888241291,0.0,0.0,1.0,12.660625457763672,41.40046691894531,33.38648223876953,0.48393749234500616,1.2430555820465088
1773798991.1027815,7,294,2400000.0,0.004999999888241291,0.0,0.0,1.0,8.790337562561035,28.59027862548828,20.305025100708008,0.8709662709051231,1.5424000024795532
1773798991.139362,7,295,2400000.0,0.004999999888241291,0.0,0.0,1.0,10.447833061218262,35.47520065307617,25.34861946105957,0.705216695099697,0.19683444499969482
1773798991.1871014,7,296,1320000.0,0.026545453816652298,0.010739591903984547,0.44999998807907104,1.0,3.905722141265869,4.527192115783691,-1.296859622001648,-1.2905722055485926,1.6461961269378662
1773798991.2492762,7,297,3360000.0,0.013785714283585548,0.013893362134695053,0.0,1.0,11.183797836303711,37.862510681152344,29.848527908325195,0.4816202466444788,1.7439937591552734
1773798991.303229,7,298,2400000.0,0.004999999888241291,0.0,0.0,1.0,12.0484619140625,40.111854553222656,29.985275268554688,0.545153825674779,0.46650463342666626
1773798991.333888,7,299,2280000.0,0.011263158172369003,0.006592197343707085,0.05000000074505806,1.0,5.147104263305664,10.729606628417969,0.41484811902046204,0.5852895751849532,1.7744662761688232
1773798991.353799,7,300,2400000.0,0.005150000099092722,0.0004769696097355336,0.0,1.0,12.36833667755127,40.81272506713867,32.79874038696289,0.5131663026788444,1.4972590208053589
1773798991.385454,7,301,2400000.0,0.004999999888241291,0.0,0.0,1.0,10.165167808532715,34.43695831298828,24.310375213623047,0.7334831846710417,0.9864882826805115
