episode,steps,mean_thr,mean_delay,mean_jitter,mean_loss,total_energyJ,mean_reward,sum_reward,action
0,200,1577.0590437587746,0.004413148487795,0.0,0.0,2000.0,1.1347441949792747,226.94883899585494,0
1,200,1605.2762429646339,0.0045462821698349625,0.0,0.0,2000.0,1.1496480259811341,229.92960519622682,0
2,200,1167.8829908763273,0.004451212494729967,0.0,0.0,2000.0,0.7217617414033272,144.35234828066544,0
3,200,1658.33511620299,0.00442006665066,0.0,0.0,2000.0,1.2153284511369902,243.06569022739805,0
4,200,1225.2023587290425,0.00454156848995,0.0,0.0,2000.0,0.7700455097340425,154.0091019468085,0
5,200,1063.4253083057724,0.004375381109685,0.0,0.0,2000.0,0.6248871973372725,124.97743946745449,0
6,200,1162.3792453817316,0.004395773978389981,0.0,0.0,2000.0,0.7218018475427316,144.3603695085463,0
7,200,1410.0687578825987,0.0043903301500599875,0.0,0.0,2000.0,0.9700357428765988,194.00714857531975,0
8,200,1648.562364044303,0.004346045670864984,0.0,0.0,2000.0,1.2129577969578031,242.59155939156062,0
9,200,1434.8206822747607,0.0044561091702199915,0.0,0.0,2000.0,0.9882097652527606,197.64195305055213,0
0,200,1577.0590437587746,0.004413148487795,0.0,0.0,200.0,1.1356441949792748,227.12883899585495,1
1,200,1605.2762429646339,0.0045462821698349625,0.0,0.0,200.0,1.150548025981134,230.1096051962268,1
2,200,1167.8829908763273,0.004451212494729967,0.0,0.0,200.0,0.7226617414033272,144.53234828066545,1
3,200,1658.33511620299,0.00442006665066,0.0,0.0,200.0,1.21622845113699,243.24569022739803,1
4,200,1225.2023587290425,0.00454156848995,0.0,0.0,200.0,0.7709455097340425,154.1891019468085,1
5,200,1063.4253083057724,0.004375381109685,0.0,0.0,200.0,0.6257871973372725,125.1574394674545,1
6,200,1162.3792453817316,0.004395773978389981,0.0,0.0,200.0,0.7227018475427316,144.54036950854632,1
7,200,1410.0687578825987,0.0043903301500599875,0.0,0.0,200.0,0.9709357428765988,194.18714857531975,1
8,200,1648.562364044303,0.004346045670864984,0.0,0.0,200.0,1.213857796957803,242.7715593915606,1
9,200,1434.8206822747607,0.0044561091702199915,0.0,0.0,200.0,0.9891097652527607,197.82195305055214,1
0,200,0.0,0.0,0.0,0.0,1099.9999999999998,-0.0005499999999999,-0.10999999999997999,2
1,200,0.0,0.0,0.0,0.0,1099.9999999999998,-0.0005499999999999,-0.10999999999997999,2
2,200,0.0,0.0,0.0,0.0,1099.9999999999998,-0.0005499999999999,-0.10999999999997999,2
3,200,0.0,0.0,0.0,0.0,1099.9999999999998,-0.0005499999999999,-0.10999999999997999,2
4,200,0.0,0.0,0.0,0.0,1099.9999999999998,-0.0005499999999999,-0.10999999999997999,2
5,200,0.0,0.0,0.0,0.0,1099.9999999999998,-0.0005499999999999,-0.10999999999997999,2
6,200,0.0,0.0,0.0,0.0,1099.9999999999998,-0.0005499999999999,-0.10999999999997999,2
7,200,0.0,0.0,0.0,0.0,1099.9999999999998,-0.0005499999999999,-0.10999999999997999,2
8,200,0.0,0.0,0.0,0.0,1099.9999999999998,-0.0005499999999999,-0.10999999999997999,2
9,200,0.0,0.0,0.0,0.0,1099.9999999999998,-0.0005499999999999,-0.10999999999997999,2
